radius_m,t0_s,method,recovered,recovered_snr,offset_ms,chi2_reduced,n_local_candidates
50,1765924457.765908,raw,True,7.5909674622865175,0.36525726318359375,0.8895101846228142,25
50,1765924457.765908,highpass,True,8.670779796901556,-2.256155014038086,1.1109570418732688,3
50,1765924457.765908,dc_fft_swap,False,,,,4
50,1765924457.765908,dc_detrend,True,7.13783082680346,0.36525726318359375,0.7864826860811025,20
50,1765924457.765908,dc_despike,True,8.06755137575148,0.36525726318359375,1.0047086579184268,26
50,1765924457.765908,highpass_despike,True,9.037415438525718,-2.256155014038086,1.20689488162397,3
50,1765924751.3316693,raw,True,13.737075258725618,-5.0106048583984375,0.4644236677047977,20
50,1765924751.3316693,highpass,True,7.031059705517454,-3.9620399475097656,0.5063479592328635,1
50,1765924751.3316693,dc_fft_swap,False,,,,4
50,1765924751.3316693,dc_detrend,True,12.917051711655668,-5.0106048583984375,0.41063180610010885,20
50,1765924751.3316693,dc_despike,True,14.599530422562422,-5.0106048583984375,0.5245701375337273,21
50,1765924751.3316693,highpass_despike,True,7.328361349292488,-3.9620399475097656,0.5500741588427657,1
50,1765924728.1571846,raw,False,,,,27
50,1765924728.1571846,highpass,True,6.14782098063719,-4.055500030517578,0.6046525058940767,2
50,1765924728.1571846,dc_fft_swap,False,,,,4
50,1765924728.1571846,dc_detrend,False,,,,27
50,1765924728.1571846,dc_despike,False,,,,27
50,1765924728.1571846,highpass_despike,True,6.407775718575739,-4.055500030517578,0.6568678958946769,2
50,1765924651.7813983,raw,True,13.00705431905163,-0.7777214050292969,1.4576845984454838,30
50,1765924651.7813983,highpass,True,6.350561693947629,-0.7777214050292969,1.9324423551176853,3
50,1765924651.7813983,dc_fft_swap,False,,,,3
50,1765924651.7813983,dc_detrend,True,5.594422088468698,-0.25343894958496094,1.3144820998067095,30
50,1765924651.7813983,dc_despike,True,13.823676558683484,-0.7777214050292969,1.6464660685066204,32
50,1765924651.7813983,highpass_despike,False,,,,3
50,1765924787.4215963,raw,True,17.312903921396043,0.19407272338867188,0.7507332055596664,31
50,1765924787.4215963,highpass,True,7.154893680645792,0.19407272338867188,0.9970251815680786,2
50,1765924787.4215963,dc_fft_swap,False,,,,5
50,1765924787.4215963,dc_detrend,True,16.27942418744133,0.19407272338867188,0.6637795477172763,31
50,1765924787.4215963,dc_despike,True,18.39986043191921,0.19407272338867188,0.8479589828783006,27
50,1765924787.4215963,highpass_despike,True,7.457431525776361,0.19407272338867188,1.0831243181606198,2
50,1765924692.200151,raw,True,5.315976477830479,-2.1686553955078125,0.45171533517120177,32
50,1765924692.200151,highpass,True,6.062951390453056,-2.1686553955078125,0.5726430905407616,2
50,1765924692.200151,dc_fft_swap,False,,,,4
50,1765924692.200151,dc_detrend,False,,,,31
50,1765924692.200151,dc_despike,True,5.649729571395842,-2.1686553955078125,0.5102159772948263,32
50,1765924692.200151,highpass_despike,True,6.319317498835742,-2.1686553955078125,0.6220942745055443,2
50,1765924481.2277117,raw,True,15.068537884192843,-5.841970443725586,1.6979855131957646,28
50,1765924481.2277117,highpass,False,,,,3
50,1765924481.2277117,dc_fft_swap,False,,,,3
50,1765924481.2277117,dc_detrend,True,14.169033757424385,-5.841970443725586,1.501316376620554,29
50,1765924481.2277117,dc_despike,True,16.014586301699897,-5.841970443725586,1.9178878169351685,25
50,1765924481.2277117,highpass_despike,False,,,,2
50,1765924795.3444257,raw,True,5.734873326888555,-5.362272262573242,1.2083563385078726,32
50,1765924795.3444257,highpass,False,,,,2
50,1765924795.3444257,dc_fft_swap,False,,,,4
50,1765924795.3444257,dc_detrend,True,8.409314248658172,-5.362272262573242,0.9590986325767945,35
50,1765924795.3444257,dc_despike,True,6.094926032546065,-5.362272262573242,1.364847863618639,23
50,1765924795.3444257,highpass_despike,False,,,,1
50,1765924642.997248,raw,True,6.914126042916152,12.034177780151367,0.780995821821962,33
50,1765924642.997248,highpass,False,,,,3
50,1765924642.997248,dc_fft_swap,False,,,,4
50,1765924642.997248,dc_detrend,False,,,,34
50,1765924642.997248,dc_despike,True,7.348215803423495,12.034177780151367,0.8821408428452939,35
50,1765924642.997248,highpass_despike,False,,,,3
50,1765924676.8336046,raw,True,7.85944498491249,4.836559295654297,0.647468315350697,33
50,1765924676.8336046,highpass,True,6.448082086671727,1.6908645629882812,1.0118091709140198,2
50,1765924676.8336046,dc_fft_swap,False,,,,4
50,1765924676.8336046,dc_detrend,True,7.39028180183714,4.836559295654297,0.5724753112583563,35
50,1765924676.8336046,dc_despike,True,8.352884729870098,4.836559295654297,0.731320487844158,33
50,1765924676.8336046,highpass_despike,True,6.720733078677885,1.6908645629882812,1.0991849941355558,2
50,1765924470.422168,raw,True,7.080992677746783,3.0388832092285156,0.5301301609800522,23
50,1765924470.422168,highpass,True,6.153021879330238,4.0874481201171875,0.8991090537704567,2
50,1765924470.422168,dc_fft_swap,False,,,,3
50,1765924470.422168,dc_detrend,True,6.658298572704764,3.0388832092285156,0.4687278461651281,20
50,1765924470.422168,dc_despike,True,7.525558830657258,3.0388832092285156,0.5987861317025857,24
50,1765924470.422168,highpass_despike,True,6.413196532302269,4.0874481201171875,0.9767525422833766,2
50,1765924742.1133084,raw,True,17.390524303942314,-1.0113716125488281,0.5879110617383168,23
50,1765924742.1133084,highpass,True,7.805667664397954,1.0857582092285156,0.5676608316979482,1
50,1765924742.1133084,dc_fft_swap,True,15.011578308804268,10.523080825805664,0.3029765863893607,4
50,1765924742.1133084,dc_detrend,True,16.352411084313164,-1.0113716125488281,0.5198162753007836,23
50,1765924742.1133084,dc_despike,True,18.482354057021492,-1.0113716125488281,0.6640501076049758,23
50,1765924742.1133084,highpass_despike,True,8.135722865830262,1.0857582092285156,0.6166817675681221,1
50,1765924764.6363142,raw,True,8.03894704234662,-4.79888916015625,0.5618646951031148,19
50,1765924764.6363142,highpass,True,7.592878619079164,-3.750324249267578,0.6971236565051016,1
50,1765924764.6363142,dc_fft_swap,True,48.72263467240633,-238.10696601867676,0.5907821449770474,4
50,1765924764.6363142,dc_detrend,True,7.559068629786745,-4.79888916015625,0.4967867285366931,19
50,1765924764.6363142,dc_despike,True,8.543656469783043,-4.79888916015625,0.6346305343183565,20
50,1765924764.6363142,highpass_despike,True,7.913936238980347,-3.750324249267578,0.7573244879714893,1
50,1765924505.1135538,raw,False,,,,30
50,1765924505.1135538,highpass,True,6.285341203654623,-1.9769668579101562,1.8176881573371642,3
50,1765924505.1135538,dc_fft_swap,False,,,,3
50,1765924505.1135538,dc_detrend,False,,,,34
50,1765924505.1135538,dc_despike,False,,,,14
50,1765924505.1135538,highpass_despike,False,,,,1
50,1765924609.420293,raw,True,7.269909892351955,5.721330642700195,1.5269578644125512,33
50,1765924609.420293,highpass,False,,,,2
50,1765924609.420293,dc_fft_swap,False,,,,4
50,1765924609.420293,dc_detrend,True,15.649754800389719,7.294178009033203,1.318422576590659,32
50,1765924609.420293,dc_despike,True,7.726336839806044,5.721330642700195,1.7247107601162068,26
50,1765924609.420293,highpass_despike,False,,,,1
50,1765924539.7020805,raw,True,13.15964290919764,-0.07867813110351562,0.49985086539080525,23
50,1765924539.7020805,highpass,True,5.84559498465263,0.4456043243408203,0.5662901687929908,2
50,1765924539.7020805,dc_fft_swap,True,43.406642246267815,211.73381805419922,0.43280393387206084,2
50,1765924539.7020805,dc_detrend,True,11.38659823764664,0.4456043243408203,0.41369919972007,31
50,1765924539.7020805,dc_despike,True,13.985845122370838,-0.07867813110351562,0.564585432306336,30
50,1765924539.7020805,highpass_despike,True,6.0927703850288415,0.4456043243408203,0.6151927396560836,3
50,1765924737.2020674,raw,True,9.429776820082594,3.418445587158203,0.3464402333292622,26
50,1765924737.2020674,highpass,True,7.170604023885326,2.894163131713867,0.5280568896181012,1
50,1765924737.2020674,dc_fft_swap,False,,,,4
50,1765924737.2020674,dc_detrend,True,8.866873953901514,3.418445587158203,0.3063138005450699,24
50,1765924737.2020674,dc_despike,True,10.021806750699957,3.418445587158203,0.3913069326179611,26
50,1765924737.2020674,highpass_despike,True,7.473806165873692,2.894163131713867,0.5736577862738461,1
50,1765924467.0633247,raw,True,11.11847720773538,8.011817932128906,0.8271061715791015,23
50,1765924467.0633247,highpass,False,,,,2
50,1765924467.0633247,dc_fft_swap,False,,,,4
50,1765924467.0633247,dc_detrend,True,10.454768743875029,8.011817932128906,0.7313066165438301,19
50,1765924467.0633247,dc_despike,True,11.816528860012832,8.011817932128906,0.9342228408049794,24
50,1765924467.0633247,highpass_despike,False,,,,2
50,1765924697.3403356,raw,True,11.83677930795109,-11.14654541015625,0.4109815379847502,32
50,1765924697.3403356,highpass,False,,,,1
50,1765924697.3403356,dc_fft_swap,False,,,,3
50,1765924697.3403356,dc_detrend,True,11.130192383793132,-11.14654541015625,0.36337960993785595,34
50,1765924697.3403356,dc_despike,True,12.579928140221963,-11.14654541015625,0.4642068371965877,32
50,1765924697.3403356,highpass_despike,False,,,,1
50,1765924620.0625935,raw,True,5.732455289163782,-5.067110061645508,1.0772197740352514,31
50,1765924620.0625935,highpass,True,7.383421014951996,-1.9211769104003906,1.5067080850214258,4
50,1765924620.0625935,dc_fft_swap,False,,,,4
50,1765924620.0625935,dc_detrend,True,5.390261027932414,-5.067110061645508,0.9524508162232812,36
50,1765924620.0625935,dc_despike,True,6.092356183094064,-5.067110061645508,1.2167280961634868,35
50,1765924620.0625935,highpass_despike,True,7.695621920130737,-1.9211769104003906,1.6368214137673636,3
100,1765924457.765908,raw,True,34.687423087780374,-0.1590251922607422,0.8805999052508519,25
100,1765924457.765908,highpass,True,28.475054957578397,-0.6833076477050781,1.1106079526176333,3
100,1765924457.765908,dc_fft_swap,False,,,,4
100,1765924457.765908,dc_detrend,True,32.616785547879836,-0.1590251922607422,0.7786044396311576,19
100,1765924457.765908,dc_despike,True,36.8652045004028,-0.1590251922607422,0.994644428206118,26
100,1765924457.765908,highpass_despike,True,29.67909545787869,-0.6833076477050781,1.2065156464060662,3
100,1765924751.3316693,raw,True,40.56052073040507,-1.340627670288086,0.46232319943011296,20
100,1765924751.3316693,highpass,True,27.13117819481821,-0.81634521484375,0.5065075723990732,1
100,1765924751.3316693,dc_fft_swap,False,,,,4
100,1765924751.3316693,dc_detrend,True,38.13929339824621,-1.340627670288086,0.4087746245194364,20
100,1765924751.3316693,dc_despike,True,43.10703298960141,-1.340627670288086,0.522197642313615,21
100,1765924751.3316693,highpass_despike,True,28.278394149838917,-0.81634521484375,0.5502475555683614,1
100,1765924728.1571846,raw,True,31.427610715381686,-1.4340877532958984,0.392927117340131,28
100,1765924728.1571846,highpass,True,26.294303330885075,-0.9098052978515625,0.6037202034870226,2
100,1765924728.1571846,dc_fft_swap,False,,,,4
100,1765924728.1571846,dc_detrend,True,29.551302012284758,-1.4340877532958984,0.347291683212495,28
100,1765924728.1571846,dc_despike,True,33.40073124053256,-1.4340877532958984,0.4438142289398965,28
100,1765924728.1571846,highpass_despike,True,27.406132831643976,-0.9098052978515625,0.6558550835528946,2
100,1765924651.7813983,raw,True,39.92572436606664,-0.25343894958496094,1.4535343702897243,30
100,1765924651.7813983,highpass,True,26.113553324619886,-0.25343894958496094,1.9316957167066062,3
100,1765924651.7813983,dc_fft_swap,False,,,,3
100,1765924651.7813983,dc_detrend,True,31.088105342366045,-0.25343894958496094,1.3061623917562517,30
100,1765924651.7813983,dc_despike,True,42.432382188121366,-0.25343894958496094,1.6417783535905777,32
100,1765924651.7813983,highpass_despike,False,,,,3
100,1765924787.4215963,raw,True,44.11273412065542,-0.33020973205566406,0.7488604535240888,31
100,1765924787.4215963,highpass,True,27.005255951522123,0.19407272338867188,0.9968387373592148,2
100,1765924787.4215963,dc_fft_swap,False,,,,5
100,1765924787.4215963,dc_detrend,True,41.479460296113004,-0.33020973205566406,0.6621237071470756,31
100,1765924787.4215963,dc_despike,True,46.88226508825739,-0.33020973205566406,0.8458436949177958,27
100,1765924787.4215963,highpass_despike,True,28.147147404762485,0.19407272338867188,1.082921773370043,2
100,1765924692.200151,raw,True,32.40525339263255,-0.5958080291748047,0.4497596205077306,32
100,1765924692.200151,highpass,True,26.0341005790543,-0.5958080291748047,0.572405407088107,2
100,1765924692.200151,dc_fft_swap,False,,,,4
100,1765924692.200151,dc_detrend,True,30.47084811856619,-0.5958080291748047,0.3976662218631381,32
100,1765924692.200151,dc_despike,True,34.439753284169775,-0.5958080291748047,0.5080069824021588,32
100,1765924692.200151,highpass_despike,True,27.134927654990467,-0.5958080291748047,0.6218360656534975,2
100,1765924481.2277117,raw,True,41.78224230642063,-1.1234283447265625,1.767112825439639,28
100,1765924481.2277117,highpass,True,22.977535134810235,-1.1234283447265625,1.4464874826703666,3
100,1765924481.2277117,dc_fft_swap,False,,,,3
100,1765924481.2277117,dc_detrend,True,39.28808529735264,-1.1234283447265625,1.5624370193686565,29
100,1765924481.2277117,dc_despike,True,44.40545794404072,-1.1234283447265625,1.9959676526815149,25
100,1765924481.2277117,highpass_despike,True,23.949118260482884,-1.1234283447265625,1.57140039926688,3
100,1765924795.3444257,raw,True,32.77056083970727,-2.2165775299072266,1.1985914310935204,32
100,1765924795.3444257,highpass,True,27.90940048075327,-2.2165775299072266,1.8406942576456768,3
100,1765924795.3444257,dc_fft_swap,False,,,,4
100,1765924795.3444257,dc_detrend,True,33.758528096452075,-2.2165775299072266,0.9454612791896831,35
100,1765924795.3444257,dc_despike,True,34.82799583847684,-2.2165775299072266,1.3538183248988191,23
100,1765924795.3444257,highpass_despike,False,,,,1
100,1765924642.997248,raw,True,33.69612695758336,2.0728111267089844,0.7670821960688888,33
100,1765924642.997248,highpass,True,23.897476431445764,1.0242462158203125,1.217069807160576,3
100,1765924642.997248,dc_fft_swap,False,,,,4
100,1765924642.997248,dc_detrend,True,27.56046522292364,2.0728111267089844,0.7604001891149332,35
100,1765924642.997248,dc_despike,True,35.811671798717484,2.0728111267089844,0.8664252945594954,35
100,1765924642.997248,highpass_despike,True,24.907958396144295,1.0242462158203125,1.3221711240646978,3
100,1765924676.8336046,raw,True,34.84845538775634,1.1665821075439453,0.6603786881173402,33
100,1765924676.8336046,highpass,True,26.095926835357066,0.6422996520996094,1.0114300912739482,2
100,1765924676.8336046,dc_fft_swap,False,,,,4
100,1765924676.8336046,dc_detrend,True,32.768205155537224,1.1665821075439453,0.5838903403691514,35
100,1765924676.8336046,dc_despike,True,37.03634689558047,1.1665821075439453,0.7459028540945243,33
100,1765924676.8336046,highpass_despike,True,27.199368175486274,0.6422996520996094,1.0987731786826747,2
100,1765924470.422168,raw,True,34.10706953801078,0.9417533874511719,0.5258588427152595,23
100,1765924470.422168,highpass,True,25.955982541486286,0.9417533874511719,0.8990399088583524,2
100,1765924470.422168,dc_fft_swap,False,,,,3
100,1765924470.422168,dc_detrend,True,32.0710757317634,0.9417533874511719,0.46495125324907693,20
100,1765924470.422168,dc_despike,True,36.2484145981766,0.9417533874511719,0.5939616445684872,24
100,1765924470.422168,highpass_despike,True,27.053506470820068,0.9417533874511719,0.9766774262911613,2
100,1765924742.1133084,raw,True,44.20733870024317,-0.4870891571044922,0.5879083131198503,23
100,1765924742.1133084,highpass,True,27.910777014071495,0.03719329833984375,0.5674154849486975,1
100,1765924742.1133084,dc_fft_swap,True,15.923256624826704,0.5614757537841797,0.35827059344541223,4
100,1765924742.1133084,dc_detrend,True,41.568417532182494,-0.4870891571044922,0.5198138450409939,23
100,1765924742.1133084,dc_despike,True,46.982809229698816,-0.4870891571044922,0.6640470030190831,23
100,1765924742.1133084,highpass_despike,True,29.090957560513207,0.03719329833984375,0.6164152336476075,1
100,1765924764.6363142,raw,True,35.057094266596835,-1.6531944274902344,0.5643153922470199,19
100,1765924764.6363142,highpass,True,27.69511496238836,-1.1289119720458984,0.6970955804685998,1
100,1765924764.6363142,dc_fft_swap,True,48.533712644048606,-238.10696601867676,0.65213056977023,4
100,1765924764.6363142,dc_detrend,True,32.964389506011145,-1.6531944274902344,0.4989535737351309,19
100,1765924764.6363142,dc_despike,True,37.2580847547384,-1.6531944274902344,0.6373986157647331,20
100,1765924764.6363142,highpass_despike,True,28.866176444969046,-1.1289119720458984,0.7572939873999343,1
100,1765924505.1135538,raw,True,29.638790186863744,-0.40411949157714844,1.3771664550447422,33
100,1765924505.1135538,highpass,True,25.00467868618373,-0.40411949157714844,1.8173155403171515,2
100,1765924505.1135538,dc_fft_swap,False,,,,3
100,1765924505.1135538,dc_detrend,False,,,,36
100,1765924505.1135538,dc_despike,False,,,,15
100,1765924505.1135538,highpass_despike,False,,,,1
100,1765924609.420293,raw,True,34.294521520733355,1.0027885437011719,1.501525106971829,33
100,1765924609.420293,highpass,False,,,,2
100,1765924609.420293,dc_fft_swap,False,,,,4
100,1765924609.420293,dc_detrend,True,40.75017820412031,1.5270709991455078,1.3244450387352529,32
100,1765924609.420293,dc_despike,True,36.44763538375029,1.0027885437011719,1.6959842631775934,26
100,1765924609.420293,highpass_despike,False,,,,1
100,1765924539.7020805,raw,True,40.04833342216215,-0.07867813110351562,0.49860641285971685,23
100,1765924539.7020805,highpass,True,25.679005772731177,0.4456043243408203,0.5661174090739001,2
100,1765924539.7020805,dc_fft_swap,True,43.261601256972135,219.07377243041992,0.48219973726992477,2
100,1765924539.7020805,dc_detrend,True,36.696072149964195,-0.07867813110351562,0.4091524414036449,31
100,1765924539.7020805,dc_despike,True,42.5626890118691,-0.07867813110351562,0.5631798135130185,29
100,1765924539.7020805,highpass_despike,True,26.76481800395866,0.4456043243408203,0.6150050610934906,3
100,1765924737.2020674,raw,True,36.40718758066445,0.7970333099365234,0.3454738546329327,26
100,1765924737.2020674,highpass,True,27.249356032321906,0.7970333099365234,0.5275580028083242,1
100,1765924737.2020674,dc_fft_swap,False,,,,4
100,1765924737.2020674,dc_detrend,True,34.23389009656042,0.7970333099365234,0.30545935264104374,24
100,1765924737.2020674,dc_despike,True,38.69294101349758,0.7970333099365234,0.3902154003794158,26
100,1765924737.2020674,highpass_despike,True,28.401569024321272,0.7970333099365234,0.5731158175797064,1
100,1765924467.0633247,raw,True,37.88874143352159,1.720428466796875,0.8229444994007894,23
100,1765924467.0633247,highpass,True,24.347855585452297,1.196146011352539,0.907389460048357,2
100,1765924467.0633247,dc_fft_swap,False,,,,4
100,1765924467.0633247,dc_detrend,True,35.62700379583955,1.720428466796875,0.727626969958586,19
100,1765924467.0633247,dc_despike,True,40.26751130157351,1.720428466796875,0.9295221997766349,24
100,1765924467.0633247,highpass_despike,True,25.377381402488354,1.196146011352539,0.9857480115750731,2
100,1765924697.3403356,raw,True,38.58028526024406,-1.7094612121582031,0.4092604598032404,32
100,1765924697.3403356,highpass,True,24.423304990301293,-1.1851787567138672,0.522451891101097,2
100,1765924697.3403356,dc_fft_swap,False,,,,3
100,1765924697.3403356,dc_detrend,True,36.2772664756612,-1.7094612121582031,0.36185787560074667,34
100,1765924697.3403356,dc_despike,True,41.002472342888105,-1.7094612121582031,0.46226286603154626,32
100,1765924697.3403356,highpass_despike,True,25.456021113354208,-1.1851787567138672,0.5675687623361827,2
100,1765924620.0625935,raw,True,32.759780423596176,-1.3968944549560547,1.0628184766819668,31
100,1765924620.0625935,highpass,True,27.892881279464035,-0.3483295440673828,1.5055791608684783,4
100,1765924620.0625935,dc_fft_swap,False,,,,4
100,1765924620.0625935,dc_detrend,True,30.804211946447065,-1.3968944549560547,0.9397175488349313,36
100,1765924620.0625935,dc_despike,True,34.81653859521234,-1.3968944549560547,1.2004617190199378,35
100,1765924620.0625935,highpass_despike,True,29.072305121861373,-0.3483295440673828,1.635595000206281,3
150,1765924457.765908,raw,True,78.5817033260744,-0.1590251922607422,0.8737503490666002,23
150,1765924457.765908,highpass,True,61.29401824795935,-0.1590251922607422,1.1100247928115732,3
150,1765924457.765908,dc_fft_swap,False,,,,4
150,1765924457.765908,dc_detrend,True,73.89083238865915,-0.1590251922607422,0.7725482331487792,18
150,1765924457.765908,dc_despike,True,83.51530051035247,-0.1590251922607422,0.9869078013296819,25
150,1765924457.765908,highpass_despike,True,63.88577726323203,-0.1590251922607422,1.2058821272342395,3
150,1765924751.3316693,raw,True,84.16900190752963,-0.81634521484375,0.45897084174469477,20
150,1765924751.3316693,highpass,True,60.511628223873494,-0.29206275939941406,0.506293472341902,1
150,1765924751.3316693,dc_fft_swap,True,15.208347045141528,4.950761795043945,0.5879465782127903,4
150,1765924751.3316693,dc_detrend,True,79.14460172061898,-0.81634521484375,0.4058105535928623,18
150,1765924751.3316693,dc_despike,True,89.45338660827072,-0.81634521484375,0.5184111282869014,20
150,1765924751.3316693,highpass_despike,True,63.0703046242949,-0.29206275939941406,0.5500149666802082,1
150,1765924728.1571846,raw,True,75.36245534143468,-0.9098052978515625,0.39348571055862397,28
150,1765924728.1571846,highpass,True,59.761663508923284,-0.38552284240722656,0.6038568535803909,2
150,1765924728.1571846,dc_fft_swap,False,,,,4
150,1765924728.1571846,dc_detrend,True,70.86337041936345,-0.9098052978515625,0.34778739914872725,28
150,1765924728.1571846,dc_despike,True,80.09393839328415,-0.9098052978515625,0.4444451643159904,28
150,1765924728.1571846,highpass_despike,True,62.28862836771847,-0.38552284240722656,0.6560035342058392,2
150,1765924651.7813983,raw,True,83.56652253232784,-0.25343894958496094,1.4394005584731007,30
150,1765924651.7813983,highpass,True,58.81062194722401,-0.25343894958496094,1.9306524835603476,3
150,1765924651.7813983,dc_fft_swap,False,,,,3
150,1765924651.7813983,dc_detrend,True,72.3733040682933,-0.25343894958496094,1.2931293223141336,31
150,1765924651.7813983,dc_despike,True,88.8130817543217,-0.25343894958496094,1.6258141034369125,32
150,1765924651.7813983,highpass_despike,False,,,,3
150,1765924787.4215963,raw,True,87.5987673907877,-0.33020973205566406,0.7499128896045315,31
150,1765924787.4215963,highpass,True,59.85683331622852,0.19407272338867188,0.9965707993339651,2
150,1765924787.4215963,dc_fft_swap,False,,,,5
150,1765924787.4215963,dc_detrend,True,82.36963013982027,-0.33020973205566406,0.6630542448405001,31
150,1765924787.4215963,dc_despike,True,93.09848314971066,-0.33020973205566406,0.8470324296396751,27
150,1765924787.4215963,highpass_despike,True,62.387822339422065,0.19407272338867188,1.082630697280619,2
150,1765924692.200151,raw,True,76.30697430962786,-0.5958080291748047,0.44769634139231435,33
150,1765924692.200151,highpass,True,59.12864416977209,-0.07152557373046875,0.5720350011708013,2
150,1765924692.200151,dc_fft_swap,False,,,,4
150,1765924692.200151,dc_detrend,True,71.75189147277676,-0.5958080291748047,0.3958419220081381,32
150,1765924692.200151,dc_despike,True,81.09775712115088,-0.5958080291748047,0.5056764926261029,33
150,1765924692.200151,highpass_despike,True,61.628842410453736,-0.07152557373046875,0.6214336729516468,2
150,1765924481.2277117,raw,True,85.25712881024425,-0.5991458892822266,1.7594258999632038,26
150,1765924481.2277117,highpass,True,55.94088251072178,-0.5991458892822266,1.4457396591001594,3
150,1765924481.2277117,dc_fft_swap,False,,,,3
150,1765924481.2277117,dc_detrend,True,80.16777377191002,-0.5991458892822266,1.555640431874861,28
150,1765924481.2277117,dc_despike,True,90.60982941145768,-0.5991458892822266,1.9872852106898884,24
150,1765924481.2277117,highpass_despike,True,58.30628929451179,-0.5991458892822266,1.5705879966219323,3
150,1765924795.3444257,raw,True,76.72178342928494,-1.1680126190185547,1.192331776139313,32
150,1765924795.3444257,highpass,True,60.71625567840874,-1.1680126190185547,1.8406053938686617,3
150,1765924795.3444257,dc_fft_swap,False,,,,4
150,1765924795.3444257,dc_detrend,True,74.97551775158345,-1.1680126190185547,0.935639865360981,35
150,1765924795.3444257,dc_despike,True,81.53860921287563,-1.1680126190185547,1.3467479960405375,23
150,1765924795.3444257,highpass_despike,False,,,,1
150,1765924642.997248,raw,True,77.5173786605711,0.49996376037597656,0.7635316214141008,33
150,1765924642.997248,highpass,True,57.45768049653249,0.49996376037597656,1.2166902216282347,3
150,1765924642.997248,dc_fft_swap,False,,,,4
150,1765924642.997248,dc_detrend,True,68.92445529096906,0.49996376037597656,0.7597311272375421,36
150,1765924642.997248,dc_despike,True,82.38415432087308,0.49996376037597656,0.8624148929273161,35
150,1765924642.997248,highpass_despike,True,59.887223634349255,0.49996376037597656,1.3217587590326991,3
150,1765924676.8336046,raw,True,78.68130211064707,0.6422996520996094,0.6552102134892287,34
150,1765924676.8336046,highpass,True,58.619700136610916,0.11801719665527344,1.0110740068123878,2
150,1765924676.8336046,dc_fft_swap,False,,,,4
150,1765924676.8336046,dc_detrend,True,73.98448570470438,0.6422996520996094,0.5793205042068105,35
150,1765924676.8336046,dc_despike,True,83.62115240808413,0.6422996520996094,0.7400650218843204,34
150,1765924676.8336046,highpass_despike,True,61.098378164979536,0.11801719665527344,1.0983863441806327,2
150,1765924470.422168,raw,True,77.9463843744936,0.41747093200683594,0.5206691141190876,21
150,1765924470.422168,highpass,True,58.86898632006516,0.41747093200683594,0.8986701702943546,2
150,1765924470.422168,dc_fft_swap,False,,,,3
150,1765924470.422168,dc_detrend,True,73.29343828573674,0.41747093200683594,0.46036262485908397,19
150,1765924470.422168,dc_despike,True,82.84009431202122,0.41747093200683594,0.5880998058363859,23
150,1765924470.422168,highpass_despike,True,61.358205176589934,0.41747093200683594,0.9762757585726007,2
150,1765924742.1133084,raw,True,87.71497464329236,-0.4870891571044922,0.5886006171630194,23
150,1765924742.1133084,highpass,True,61.21379093526772,0.03719329833984375,0.5671350384040698,1
150,1765924742.1133084,dc_fft_swap,True,19.57606255505981,0.5614757537841797,0.5742943520154977,4
150,1765924742.1133084,dc_detrend,True,82.47890049479771,-0.4870891571044922,0.5204259629828323,22
150,1765924742.1133084,dc_despike,True,93.22198624526125,-0.4870891571044922,0.6648289658095136,23
150,1765924742.1133084,highpass_despike,True,63.802157615254124,0.03719329833984375,0.6161105688527296,1
150,1765924764.6363142,raw,True,78.92167275682175,-0.6046295166015625,0.563123983738375,19
150,1765924764.6363142,highpass,True,61.064279532667676,-0.6046295166015625,0.6972069401070717,1
150,1765924764.6363142,dc_fft_swap,True,50.85182890480461,-7.42030143737793,0.9111982740039816,4
150,1765924764.6363142,dc_detrend,True,74.2105076204415,-0.6046295166015625,0.49790016009209537,17
150,1765924764.6363142,dc_despike,True,83.87661425097454,-0.6046295166015625,0.6360529106064939,19
150,1765924764.6363142,highpass_despike,True,63.64632426580428,-0.6046295166015625,0.7574149636146983,1
150,1765924505.1135538,raw,True,73.62362661733782,-0.40411949157714844,1.367569057922743,33
150,1765924505.1135538,highpass,True,56.019255373134776,-0.40411949157714844,1.8166211209097636,2
150,1765924505.1135538,dc_fft_swap,False,,,,3
150,1765924505.1135538,dc_detrend,False,,,,36
150,1765924505.1135538,dc_despike,False,,,,15
150,1765924505.1135538,highpass_despike,False,,,,1
150,1765924609.420293,raw,True,78.20441346720439,0.47850608825683594,1.4885106636163203,33
150,1765924609.420293,highpass,False,,,,2
150,1765924609.420293,dc_fft_swap,False,,,,4
150,1765924609.420293,dc_detrend,True,81.69750410219861,0.47850608825683594,1.30501819893914,32
150,1765924609.420293,dc_despike,True,83.11432325216951,0.47850608825683594,1.6812843483893072,25
150,1765924609.420293,highpass_despike,False,,,,1
150,1765924539.7020805,raw,True,83.6571536553619,-0.07867813110351562,0.4963147607808807,24
150,1765924539.7020805,highpass,True,58.51325689676719,-0.07867813110351562,0.5657997307694207,2
150,1765924539.7020805,dc_fft_swap,True,46.08261108677751,0.9698867797851562,0.6572995342686666,2
150,1765924539.7020805,dc_detrend,True,77.73906121031766,-0.07867813110351562,0.4065646732179189,32
150,1765924539.7020805,dc_despike,True,88.90940297358026,-0.07867813110351562,0.5605913747021467,30
150,1765924539.7020805,highpass_despike,True,60.987434074410665,-0.07867813110351562,0.6146599493517866,3
150,1765924737.2020674,raw,True,80.1810177055599,0.2727508544921875,0.3422876287232837,26
150,1765924737.2020674,highpass,True,60.55701842459575,0.2727508544921875,0.5273294861781831,1
150,1765924737.2020674,dc_fft_swap,False,,,,4
150,1765924737.2020674,dc_detrend,True,75.39467699560241,0.2727508544921875,0.30264217128078424,23
150,1765924737.2020674,dc_despike,True,85.21502468735359,0.2727508544921875,0.3866165334829499,26
150,1765924737.2020674,highpass_despike,True,63.11761410629924,0.2727508544921875,0.5728675671605739,1
150,1765924467.0633247,raw,True,81.5456059647537,0.6718635559082031,0.8170659734316438,21
150,1765924467.0633247,highpass,True,57.09832368402592,0.6718635559082031,0.906848398666463,2
150,1765924467.0633247,dc_fft_swap,False,,,,4
150,1765924467.0633247,dc_detrend,True,76.67780726730483,0.6718635559082031,0.7224293241369458,19
150,1765924467.0633247,dc_despike,True,86.66528592776699,0.6718635559082031,0.9228823590653074,23
150,1765924467.0633247,highpass_despike,True,59.51267176227348,0.6718635559082031,0.9851602262801968,2
150,1765924697.3403356,raw,True,82.21065701544497,-0.6608963012695312,0.40555539771276233,32
150,1765924697.3403356,highpass,True,57.54776009619509,-0.6608963012695312,0.5223583258916915,2
150,1765924697.3403356,dc_fft_swap,False,,,,3
150,1765924697.3403356,dc_detrend,True,77.30315863583675,-0.6608963012695312,0.3585819522494583,33
150,1765924697.3403356,dc_despike,True,87.37209089638334,-0.6608963012695312,0.4580779696416223,32
150,1765924697.3403356,highpass_despike,True,59.981112163842056,-0.6608963012695312,0.5674671172067371,2
150,1765924620.0625935,raw,True,76.65500454517428,-0.8726119995117188,1.0540116213212685,31
150,1765924620.0625935,highpass,True,61.88609319559258,-0.3483295440673828,1.5047454694739828,4
150,1765924620.0625935,dc_fft_swap,True,23.773172016444708,3.3216476440429688,1.1340812130820626,4
150,1765924620.0625935,dc_detrend,True,72.07914632616466,-0.8726119995117188,0.9319307473123094,36
150,1765924620.0625935,dc_despike,True,81.46763774829559,-0.8726119995117188,1.1905143075311297,34
150,1765924620.0625935,highpass_despike,True,64.50288753449237,-0.3483295440673828,1.6346893145326262,3
200,1765924457.765908,raw,True,137.5219321497854,-0.1590251922607422,0.865042185522452,23
200,1765924457.765908,highpass,True,106.29586847592476,-0.1590251922607422,1.1093759087085981,2
200,1765924457.765908,dc_fft_swap,False,,,,4
200,1765924457.765908,dc_detrend,True,129.31267213792495,-0.1590251922607422,0.7648486924651194,18
200,1765924457.765908,dc_despike,True,146.1559752986762,-0.1590251922607422,0.977071863013714,25
200,1765924457.765908,highpass_despike,True,110.79048774357064,-0.1590251922607422,1.205177208076135,3
200,1765924751.3316693,raw,True,142.81943254285187,-0.29206275939941406,0.4561235689347945,20
200,1765924751.3316693,highpass,True,106.30073379718635,-0.29206275939941406,0.505960243213616,1
200,1765924751.3316693,dc_fft_swap,True,24.377694073792288,1.2807846069335938,1.1130137416997392,4
200,1765924751.3316693,dc_detrend,True,134.29394254890937,-0.29206275939941406,0.40329306609665533,17
200,1765924751.3316693,dc_despike,True,151.7860688007835,-0.29206275939941406,0.5151951115475589,20
200,1765924751.3316693,highpass_despike,True,110.79555879029455,-0.29206275939941406,0.5496529612072888,1
200,1765924728.1571846,raw,True,134.3675420118417,-0.38552284240722656,0.39068529408028363,29
200,1765924728.1571846,highpass,True,105.66144768490511,-0.38552284240722656,0.603620011435449,2
200,1765924728.1571846,dc_fft_swap,False,,,,4
200,1765924728.1571846,dc_detrend,True,126.34612661651008,-0.38552284240722656,0.3453151888660411,28
200,1765924728.1571846,dc_despike,True,142.8035430002298,-0.38552284240722656,0.44128207216684434,29
200,1765924728.1571846,highpass_despike,True,110.12924107538383,-0.38552284240722656,0.6557462393134991,2
200,1765924651.7813983,raw,True,142.2215435160918,-0.25343894958496094,1.4213134767524018,29
200,1765924651.7813983,highpass,True,103.62772825424274,-0.25343894958496094,1.9293515852230358,3
200,1765924651.7813983,dc_fft_swap,False,,,,3
200,1765924651.7813983,dc_detrend,True,127.79540252566585,-0.25343894958496094,1.2763439064952824,31
200,1765924651.7813983,dc_despike,True,151.15064249124532,-0.25343894958496094,1.605384604241274,32
200,1765924651.7813983,highpass_despike,False,,,,3
200,1765924787.4215963,raw,True,146.10256132046115,-0.33020973205566406,0.7497883869854198,31
200,1765924787.4215963,highpass,True,104.89690325402925,0.19407272338867188,0.9962505800866479,2
200,1765924787.4215963,dc_fft_swap,True,33.05032307727599,2.8154850006103516,1.9154747933989678,5
200,1765924787.4215963,dc_detrend,True,137.38108762147257,-0.33020973205566406,0.6629441627346444,31
200,1765924787.4215963,dc_despike,True,155.27532234035706,-0.33020973205566406,0.8468918029649981,27
200,1765924787.4215963,highpass_despike,True,109.33236861351999,0.19407272338867188,1.0822828251703411,2
200,1765924692.200151,raw,True,135.26774014867667,-0.07152557373046875,0.44391769431179745,33
200,1765924692.200151,highpass,True,104.51655500230277,-0.07152557373046875,0.5717346565931813,2
200,1765924692.200151,dc_fft_swap,False,,,,4
200,1765924692.200151,dc_detrend,True,127.19304229693488,-0.07152557373046875,0.392500936646743,32
200,1765924692.200151,dc_despike,True,143.76025830079632,-0.07152557373046875,0.5014084814187626,33
200,1765924692.200151,highpass_despike,True,108.9359376992673,-0.07152557373046875,0.6211073918086406,2
200,1765924481.2277117,raw,True,143.77249067477837,-0.5991458892822266,1.7505041145279798,26
200,1765924481.2277117,highpass,True,101.15916038210447,-0.5991458892822266,1.4449354663811251,2
200,1765924481.2277117,dc_fft_swap,True,44.52682880185739,0.9737014770507812,1.3784177368608057,3
200,1765924481.2277117,dc_detrend,True,135.1901086499497,-0.5991458892822266,1.5477520120511912,28
200,1765924481.2277117,dc_despike,True,152.79896280692893,-0.5991458892822266,1.977207984789815,24
200,1765924481.2277117,highpass_despike,True,105.43657885444394,-0.5991458892822266,1.5697143570122452,3
200,1765924795.3444257,raw,True,135.72615671332932,-0.6437301635742188,1.1846578208935221,32
200,1765924795.3444257,highpass,True,105.75992964975576,-0.6437301635742188,1.8399907383793999,3
200,1765924795.3444257,dc_fft_swap,False,,,,4
200,1765924795.3444257,dc_detrend,True,130.33660963251708,-0.6437301635742188,0.9274769074826067,35
200,1765924795.3444257,dc_despike,True,144.24745564490357,-0.6437301635742188,1.3380802040250992,23
200,1765924795.3444257,highpass_despike,False,,,,1
200,1765924642.997248,raw,True,136.4074396798017,0.49996376037597656,0.7568396543949766,32
200,1765924642.997248,highpass,True,103.47373893712893,0.49996376037597656,1.2162767506572234,3
200,1765924642.997248,dc_fft_swap,False,,,,4
200,1765924642.997248,dc_detrend,True,124.47128642162514,0.49996376037597656,0.7553140394844055,36
200,1765924642.997248,dc_despike,True,144.97151161810427,0.49996376037597656,0.8548562642361004,35
200,1765924642.997248,highpass_despike,True,107.8490271528465,0.49996376037597656,1.3213095823500687,3
200,1765924676.8336046,raw,True,137.5575541266163,0.11801719665527344,0.6490367336266658,34
200,1765924676.8336046,highpass,True,103.19293266666394,0.11801719665527344,1.0105456784757976,2
200,1765924676.8336046,dc_fft_swap,False,,,,4
200,1765924676.8336046,dc_detrend,True,129.34616768978958,0.11801719665527344,0.5738620675202942,35
200,1765924676.8336046,dc_despike,True,146.1938337310324,0.11801719665527344,0.7330920284609431,34
200,1765924676.8336046,highpass_despike,True,107.55634725745324,0.11801719665527344,1.0978123915063038,2
200,1765924470.422168,raw,True,136.8385956004144,-0.1068115234375,0.5147935053805505,21
200,1765924470.422168,highpass,True,104.01019353740186,0.41747093200683594,0.8982424810610237,2
200,1765924470.422168,dc_fft_swap,False,,,,3
200,1765924470.422168,dc_detrend,True,128.67012680870127,-0.1068115234375,0.4551675583798778,19
200,1765924470.422168,dc_despike,True,145.42973681242685,-0.1068115234375,0.5814632601596743,23
200,1765924470.422168,highpass_despike,True,108.40816522348545,0.41747093200683594,0.9758111357949618,2
200,1765924742.1133084,raw,True,146.23589862752692,0.03719329833984375,0.5886401732330578,23
200,1765924742.1133084,highpass,True,106.88507919830091,0.03719329833984375,0.5667797846590589,1
200,1765924742.1133084,dc_fft_swap,True,28.681667480994236,0.5614757537841797,1.1061986960462487,4
200,1765924742.1133084,dc_detrend,True,137.50646546632112,0.03719329833984375,0.520460937471886,21
200,1765924742.1133084,dc_despike,True,155.417030967143,0.03719329833984375,0.6648736446976565,23
200,1765924742.1133084,highpass_despike,True,111.40461267854477,0.03719329833984375,0.6157246368046206,1
200,1765924764.6363142,raw,True,137.8230751814039,-0.6046295166015625,0.5578568026137847,19
200,1765924764.6363142,highpass,True,106.8123001050914,-0.08034706115722656,0.6968930140549217,1
200,1765924764.6363142,dc_fft_swap,True,59.295607929299045,-0.6046295166015625,1.4157006566182797,4
200,1765924764.6363142,dc_detrend,True,129.59583868093054,-0.6046295166015625,0.4932430501111679,16
200,1765924764.6363142,dc_despike,True,146.47602500131316,-0.6046295166015625,0.6301035886423566,19
200,1765924764.6363142,highpass_despike,True,111.32875619089543,-0.08034706115722656,0.7570739281549386,1
200,1765924505.1135538,raw,True,132.67685738059265,-0.40411949157714844,1.3555737622435104,33
200,1765924505.1135538,highpass,True,98.54132452934522,-0.40411949157714844,1.8158065656892701,2
200,1765924505.1135538,dc_fft_swap,False,,,,3
200,1765924505.1135538,dc_detrend,False,,,,36
200,1765924505.1135538,dc_despike,False,,,,15
200,1765924505.1135538,highpass_despike,False,,,,1
200,1765924609.420293,raw,True,137.15266152461584,-0.0457763671875,1.4723755593868848,33
200,1765924609.420293,highpass,False,,,,2
200,1765924609.420293,dc_fft_swap,False,,,,4
200,1765924609.420293,dc_detrend,True,136.77206095018337,0.47850608825683594,1.292463163422527,32
200,1765924609.420293,dc_despike,True,145.76352074595783,-0.0457763671875,1.663059622921319,25
200,1765924609.420293,highpass_despike,False,,,,2
200,1765924539.7020805,raw,True,142.29393556667625,-0.07867813110351562,0.49282156259214815,24
200,1765924539.7020805,highpass,True,103.53884069464125,-0.07867813110351562,0.5654591964803356,2
200,1765924539.7020805,dc_fft_swap,True,54.47199374802941,0.4456043243408203,1.1251806084453222,2
200,1765924539.7020805,dc_detrend,True,132.91575181551315,-0.07867813110351562,0.4029721734948834,32
200,1765924539.7020805,dc_despike,True,151.22757953388023,-0.07867813110351562,0.556645780233734,30
200,1765924539.7020805,highpass_despike,True,107.91688167599185,-0.07867813110351562,0.6142900078733824,3
200,1765924737.2020674,raw,True,138.99788479907465,0.2727508544921875,0.3384221451655897,26
200,1765924737.2020674,highpass,True,106.23590609629885,0.2727508544921875,0.52703344544726,1
200,1765924737.2020674,dc_fft_swap,False,,,,4
200,1765924737.2020674,dc_detrend,True,130.70051899293253,0.2727508544921875,0.2992244072753642,22
200,1765924737.2020674,dc_despike,True,147.72459272267062,0.2727508544921875,0.3822504398006124,26
200,1765924737.2020674,highpass_despike,True,110.72798991199663,0.2727508544921875,0.5725459615273796,1
200,1765924467.0633247,raw,True,140.25339669255106,0.1475811004638672,0.8104715822513135,21
200,1765924467.0633247,highpass,True,102.02224202467076,0.1475811004638672,0.9064633494959395,2
200,1765924467.0633247,dc_fft_swap,False,,,,4
200,1765924467.0633247,dc_detrend,True,131.88108412395138,0.1475811004638672,0.7165987281772445,19
200,1765924467.0633247,dc_despike,True,149.05892945297686,0.1475811004638672,0.9154339430413941,23
200,1765924467.0633247,highpass_despike,True,106.33615507987453,0.1475811004638672,0.9847419257919126,2
200,1765924697.3403356,raw,True,140.88866116307878,-0.6608963012695312,0.403741052433619,33
200,1765924697.3403356,highpass,True,102.97863968596586,-0.1366138458251953,0.5220842698742336,2
200,1765924697.3403356,dc_fft_swap,False,,,,3
200,1765924697.3403356,dc_detrend,True,132.47842699802302,-0.6608963012695312,0.3569777534743471,33
200,1765924697.3403356,dc_despike,True,149.73407774976957,-0.6608963012695312,0.45602865256586367,33
200,1765924697.3403356,highpass_despike,True,107.33299310275305,-0.1366138458251953,0.567169394799586,2
200,1765924620.0625935,raw,True,135.61440182896854,-0.3483295440673828,1.035884595315963,31
200,1765924620.0625935,highpass,True,108.50276997800034,-0.3483295440673828,1.5037203055344106,4
200,1765924620.0625935,dc_fft_swap,True,32.44047167853248,-1.3968944549560547,1.6687517215333365,4
200,1765924620.0625935,dc_detrend,True,127.51901028986221,-0.3483295440673828,0.9159032837151815,36
200,1765924620.0625935,dc_despike,True,144.12868445064527,-0.3483295440673828,1.1700396909559798,34
200,1765924620.0625935,highpass_despike,True,113.09070596769048,-0.3483295440673828,1.6335756215050283,3
300,1765924457.765908,raw,True,291.4077235555574,-0.1590251922607422,0.8437007521381376,23
300,1765924457.765908,highpass,True,225.51724736122188,-0.1590251922607422,1.1078367180791202,2
300,1765924457.765908,dc_fft_swap,False,,,,4
300,1765924457.765908,dc_detrend,True,274.01237624814513,-0.1590251922607422,0.7459791301564715,18
300,1765924457.765908,dc_despike,True,309.70318246721905,-0.1590251922607422,0.952966548353711,25
300,1765924457.765908,highpass_despike,True,235.0530287580857,-0.1590251922607422,1.2035050990543241,3
300,1765924751.3316693,raw,True,296.2256274425676,-0.29206275939941406,0.4452889588226034,20
300,1765924751.3316693,highpass,True,227.64434080675457,-0.29206275939941406,0.5052939892116829,1
300,1765924751.3316693,dc_fft_swap,False,,,,4
300,1765924751.3316693,dc_detrend,True,278.5426792768606,-0.29206275939941406,0.3937133744742484,17
300,1765924751.3316693,dc_despike,True,314.82356894298715,-0.29206275939941406,0.5029573353274869,20
300,1765924751.3316693,highpass_despike,True,237.27006431822218,-0.29206275939941406,0.5489291721547088,1
300,1765924728.1571846,raw,True,288.40404072094606,-0.38552284240722656,0.3849403804215013,29
300,1765924728.1571846,highpass,True,227.28246172520085,-0.38552284240722656,0.6033866504098735,2
300,1765924728.1571846,dc_fft_swap,False,,,,4
300,1765924728.1571846,dc_detrend,True,271.1875665863482,-0.38552284240722656,0.3402368061735676,27
300,1765924728.1571846,dc_despike,True,306.510919332766,-0.38552284240722656,0.43479314759717236,29
300,1765924728.1571846,highpass_despike,True,236.8928835253618,-0.38552284240722656,0.6554927261561744,2
300,1765924651.7813983,raw,True,295.5806502284285,-0.25343894958496094,1.3767843474150292,29
300,1765924651.7813983,highpass,True,222.37803363388505,0.270843505859375,1.9259147195402728,3
300,1765924651.7813983,dc_fft_swap,False,,,,3
300,1765924651.7813983,dc_detrend,True,272.482911099036,-0.25343894958496094,1.2352978621900852,31
300,1765924651.7813983,dc_despike,True,314.13809810714076,-0.25343894958496094,1.5550886070191636,32
300,1765924651.7813983,highpass_despike,False,,,,3
300,1765924787.4215963,raw,True,299.22024755434205,-0.33020973205566406,0.74489407412877,31
300,1765924787.4215963,highpass,True,224.23186038188288,0.19407272338867188,0.9955375933236998,2
300,1765924787.4215963,dc_fft_swap,False,,,,5
300,1765924787.4215963,dc_detrend,True,281.358537974001,-0.33020973205566406,0.6586167335623161,31
300,1765924787.4215963,dc_despike,True,318.00620036943286,-0.33020973205566406,0.8413636386037066,27
300,1765924787.4215963,highpass_despike,True,233.7132904180913,0.19407272338867188,1.081508267701029,2
300,1765924692.200151,raw,True,289.2286222801066,-0.07152557373046875,0.434122675619006,32
300,1765924692.200151,highpass,True,224.78211791639137,-0.07152557373046875,0.5709957298453304,2
300,1765924692.200151,dc_fft_swap,False,,,,4
300,1765924692.200151,dc_detrend,True,271.9633546529512,-0.07152557373046875,0.3838404257893127,30
300,1765924692.200151,dc_despike,True,307.387270618037,-0.07152557373046875,0.49034493177622157,32
300,1765924692.200151,highpass_despike,True,234.28681506685575,-0.07152557373046875,0.6203046542803087,2
300,1765924481.2277117,raw,True,296.9784307819361,-0.07486343383789062,1.7262767954967617,26
300,1765924481.2277117,highpass,True,221.02782006447015,-0.07486343383789062,1.442541904352851,2
300,1765924481.2277117,dc_fft_swap,False,,,,3
300,1765924481.2277117,dc_detrend,True,279.25054463249035,-0.07486343383789062,1.5263308217403735,28
300,1765924481.2277117,dc_despike,True,315.6236355545707,-0.07486343383789062,1.9498430398913615,23
300,1765924481.2277117,highpass_despike,True,230.37377031626687,-0.07486343383789062,1.567114096469405,3
300,1765924795.3444257,raw,True,289.67646253701975,-0.11920928955078125,1.1684233360705114,32
300,1765924795.3444257,highpass,True,225.1461051131606,-0.11920928955078125,1.8379680026094432,3
300,1765924795.3444257,dc_fft_swap,False,,,,4
300,1765924795.3444257,dc_detrend,True,274.87735504183917,-0.11920928955078125,0.9121989558010233,35
300,1765924795.3444257,dc_despike,True,307.8632276417927,-0.11920928955078125,1.3197432274052747,23
300,1765924795.3444257,highpass_despike,True,234.6668915992339,-0.11920928955078125,1.997928902653604,1
300,1765924642.997248,raw,True,290.26233786248736,-0.024318695068359375,0.7364384521111783,32
300,1765924642.997248,highpass,True,225.41027693167777,-0.024318695068359375,1.215000893252765,3
300,1765924642.997248,dc_fft_swap,False,,,,4
300,1765924642.997248,dc_detrend,True,269.4508489462862,-0.024318695068359375,0.7394016174256486,36
300,1765924642.997248,dc_despike,True,308.4858859935085,-0.024318695068359375,0.8318129479022139,35
300,1765924642.997248,highpass_despike,True,234.9415351861035,-0.024318695068359375,1.3199235469651842,3
300,1765924676.8336046,raw,True,291.3232920741033,0.11801719665527344,0.6289159602108162,33
300,1765924676.8336046,highpass,True,221.25898618717974,0.11801719665527344,1.0092854023850668,2
300,1765924676.8336046,dc_fft_swap,False,,,,5
300,1765924676.8336046,dc_detrend,True,273.93298483538115,0.11801719665527344,0.5560717822647753,33
300,1765924676.8336046,dc_despike,True,309.61345012180374,0.11801719665527344,0.7103654587100965,33
300,1765924676.8336046,highpass_despike,True,230.61471107767187,0.11801719665527344,1.0964432829755442,2
300,1765924470.422168,raw,True,290.68624743774853,-0.1068115234375,0.49798821840711077,21
300,1765924470.422168,highpass,True,223.61861251175728,-0.1068115234375,0.8972800704348327,2
300,1765924470.422168,dc_fft_swap,False,,,,3
300,1765924470.422168,dc_detrend,True,273.33396806103536,-0.1068115234375,0.4403087434188777,19
300,1765924470.422168,dc_despike,True,308.9364098949852,-0.1068115234375,0.5624815580803684,23
300,1765924470.422168,highpass_despike,True,233.0741119475347,-0.1068115234375,0.9747656152077644,2
300,1765924742.1133084,raw,True,299.36269035456394,0.03719329833984375,0.5821647437783415,23
300,1765924742.1133084,highpass,True,227.92343855056038,0.03719329833984375,0.5659224235144356,1
300,1765924742.1133084,dc_fft_swap,False,,,,4
300,1765924742.1133084,dc_detrend,True,281.49247776698945,0.03719329833984375,0.5147355244984161,20
300,1765924742.1133084,dc_despike,True,318.15758615979547,0.03719329833984375,0.6575595968662062,23
300,1765924742.1133084,highpass_despike,True,237.56096344353844,0.03719329833984375,0.6147932373551833,1
300,1765924764.6363142,raw,True,291.6084014770641,-0.08034706115722656,0.5471036778472458,19
300,1765924764.6363142,highpass,True,228.04047366412254,-0.08034706115722656,0.6958496560933766,1
300,1765924764.6363142,dc_fft_swap,False,,,,4
300,1765924764.6363142,dc_detrend,True,274.20107486416543,-0.08034706115722656,0.4837354057959551,16
300,1765924764.6363142,dc_despike,True,309.91645955604565,-0.08034706115722656,0.6179578507526889,19
300,1765924764.6363142,highpass_despike,True,237.68294727508888,-0.08034706115722656,0.7559404699418585,1
300,1765924505.1135538,raw,True,286.83066968654265,-0.40411949157714844,1.3281732484394162,32
300,1765924505.1135538,highpass,True,211.22737873736833,0.1201629638671875,1.8138873745265733,2
300,1765924505.1135538,dc_fft_swap,False,,,,3
300,1765924505.1135538,dc_detrend,False,,,,35
300,1765924505.1135538,dc_despike,False,,,,14
300,1765924505.1135538,highpass_despike,False,,,,1
300,1765924609.420293,raw,True,291.0250134165112,-0.0457763671875,1.4287839208830795,32
300,1765924609.420293,highpass,False,,,,2
300,1765924609.420293,dc_fft_swap,False,,,,4
300,1765924609.420293,dc_detrend,True,280.81719125238374,-0.0457763671875,1.2583987274801305,32
300,1765924609.420293,dc_despike,True,309.2964446272646,-0.0457763671875,1.6138225288725363,25
300,1765924609.420293,highpass_despike,False,,,,2
300,1765924539.7020805,raw,True,295.6598647388665,-0.07867813110351562,0.48233854826273065,21
300,1765924539.7020805,highpass,True,222.86079287114958,-0.07867813110351562,0.5646237555397664,2
300,1765924539.7020805,dc_fft_swap,False,,,,2
300,1765924539.7020805,dc_detrend,True,277.1988203459196,-0.07867813110351562,0.3931602094117539,31
300,1765924539.7020805,dc_despike,True,314.22228594430885,-0.07867813110351562,0.5448051341793948,29
300,1765924539.7020805,highpass_despike,True,232.28424862727218,-0.07867813110351562,0.6133824215698004,3
300,1765924737.2020674,raw,True,292.67473506360034,0.2727508544921875,0.3355126234490944,26
300,1765924737.2020674,highpass,True,227.27562734201445,0.2727508544921875,0.5266045754224895,1
300,1765924737.2020674,dc_fft_swap,False,,,,3
300,1765924737.2020674,dc_detrend,True,275.2037545335816,0.2727508544921875,0.29665188085086786,21
300,1765924737.2020674,dc_despike,True,311.049740792701,0.2727508544921875,0.3789641124380943,26
300,1765924737.2020674,highpass_despike,True,236.8857601568104,0.2727508544921875,0.5720800559898399,1
300,1765924467.0633247,raw,True,293.78000063888516,0.1475811004638672,0.7880530664845201,21
300,1765924467.0633247,highpass,True,221.07391199067945,0.1475811004638672,0.9048730518150194,2
300,1765924467.0633247,dc_fft_swap,False,,,,4
300,1765924467.0633247,dc_detrend,True,276.24304217830786,0.1475811004638672,0.6967768365305582,19
300,1765924467.0633247,dc_despike,True,312.22439828619713,0.1475811004638672,0.890112055470057,23
300,1765924467.0633247,highpass_despike,True,230.42181119555033,0.1475811004638672,0.983014296316587,2
300,1765924697.3403356,raw,True,294.3650433202055,-0.1366138458251953,0.39595711604701883,33
300,1765924697.3403356,highpass,True,223.35618996397517,-0.1366138458251953,0.5213906165610007,2
300,1765924697.3403356,dc_fft_swap,False,,,,3
300,1765924697.3403356,dc_detrend,True,276.79316121207665,-0.1366138458251953,0.350095391357029,32
300,1765924697.3403356,dc_despike,True,312.8461717178458,-0.1366138458251953,0.44723663599820657,33
300,1765924697.3403356,highpass_despike,True,232.80059311297836,-0.1366138458251953,0.5664158403399546,2
300,1765924620.0625935,raw,True,289.56168298619974,-0.3483295440673828,0.9994632920501263,30
300,1765924620.0625935,highpass,True,232.04527407881895,-0.3483295440673828,1.5013947359866835,4
300,1765924620.0625935,dc_fft_swap,False,,,,3
300,1765924620.0625935,dc_detrend,True,272.2765335707847,-0.3483295440673828,0.8837004771388501,36
300,1765924620.0625935,dc_despike,True,307.74124188335986,-0.3483295440673828,1.1289015462146965,34
300,1765924620.0625935,highpass_despike,True,241.8570868500467,-0.3483295440673828,1.6310492250034316,3
